"id","trial","stim","lambda","scrsim","ntrialsscr"
"1",1,"CSminus",0,0.5,32
"1",2,"CSplus",0,0.55,32
"1",3,"CSplus",1,0.5,32
"1",4,"CSminus",0,0.45,32
"1",5,"CSplus",0,0.595,32
"1",6,"CSminus",0,0.405,32
"1",7,"CSminus",0,0.3645,32
"1",8,"CSplus",1,0.6355,32
"1",9,"CSplus",0,0.32805,32
"1",10,"CSminus",0,0.57195,32
"1",11,"CSplus",1,0.295245,32
"1",12,"CSminus",0,0.614755,32
"1",13,"CSplus",0,0.6532795,32
"1",14,"CSminus",0,0.2657205,32
"1",15,"CSplus",0,0.68795155,32
"1",16,"CSminus",0,0.23914845,32
"1",17,"CSminus",1,0.215233605,32
"1",18,"CSplus",0,0.619156395,32
"1",19,"CSminus",0,0.2937102445,32
"1",20,"CSplus",0,0.5572407555,32
"1",21,"CSplus",0,0.50151667995,32
"1",22,"CSminus",1,0.36433922005,32
"1",23,"CSplus",0,0.327905298045,32
"1",24,"CSminus",0,0.451365011955,32
"1",25,"CSplus",0,0.3951147682405,32
"1",26,"CSminus",0,0.4062285107595,32
"1",27,"CSplus",0,0.35560329141645,32
"1",28,"CSplus",0,0.36560565968355,32
"1",29,"CSminus",0,0.320042962274805,32
"1",30,"CSminus",1,0.329045093715195,32
"1",31,"CSplus",0,0.296140584343675,32
"1",32,"CSminus",0,0.388038666047325,32
"2",1,"CSminus",0,0.5,32
"2",2,"CSplus",0,0.55,32
"2",3,"CSplus",1,0.5,32
"2",4,"CSminus",0,0.45,32
"2",5,"CSplus",0,0.595,32
"2",6,"CSminus",0,0.405,32
"2",7,"CSminus",0,0.3645,32
"2",8,"CSplus",1,0.6355,32
"2",9,"CSplus",0,0.32805,32
"2",10,"CSminus",0,0.57195,32
"2",11,"CSplus",1,0.295245,32
"2",12,"CSminus",0,0.614755,32
"2",13,"CSplus",0,0.6532795,32
"2",14,"CSminus",0,0.2657205,32
"2",15,"CSplus",0,0.68795155,32
"2",16,"CSminus",0,0.23914845,32
"2",17,"CSminus",1,0.215233605,32
"2",18,"CSplus",0,0.619156395,32
"2",19,"CSminus",0,0.2937102445,32
"2",20,"CSplus",0,0.5572407555,32
"2",21,"CSplus",0,0.50151667995,32
"2",22,"CSminus",1,0.36433922005,32
"2",23,"CSplus",0,0.327905298045,32
"2",24,"CSminus",0,0.451365011955,32
"2",25,"CSplus",0,0.3951147682405,32
"2",26,"CSminus",0,0.4062285107595,32
"2",27,"CSplus",0,0.35560329141645,32
"2",28,"CSplus",0,0.36560565968355,32
"2",29,"CSminus",0,0.320042962274805,32
"2",30,"CSminus",1,0.329045093715195,32
"2",31,"CSplus",0,0.296140584343675,32
"2",32,"CSminus",0,0.388038666047325,32
"3",1,"CSminus",0,0.5,32
"3",2,"CSplus",0,0.55,32
"3",3,"CSplus",1,0.5,32
"3",4,"CSminus",0,0.45,32
"3",5,"CSplus",0,0.595,32
"3",6,"CSminus",0,0.405,32
"3",7,"CSminus",0,0.3645,32
"3",8,"CSplus",1,0.6355,32
"3",9,"CSplus",0,0.32805,32
"3",10,"CSminus",0,0.57195,32
"3",11,"CSplus",1,0.295245,32
"3",12,"CSminus",0,0.614755,32
"3",13,"CSplus",0,0.6532795,32
"3",14,"CSminus",0,0.2657205,32
"3",15,"CSplus",0,0.68795155,32
"3",16,"CSminus",0,0.23914845,32
"3",17,"CSminus",1,0.215233605,32
"3",18,"CSplus",0,0.619156395,32
"3",19,"CSminus",0,0.2937102445,32
"3",20,"CSplus",0,0.5572407555,32
"3",21,"CSplus",0,0.50151667995,32
"3",22,"CSminus",1,0.36433922005,32
"3",23,"CSplus",0,0.327905298045,32
"3",24,"CSminus",0,0.451365011955,32
"3",25,"CSplus",0,0.3951147682405,32
"3",26,"CSminus",0,0.4062285107595,32
"3",27,"CSplus",0,0.35560329141645,32
"3",28,"CSplus",0,0.36560565968355,32
"3",29,"CSminus",0,0.320042962274805,32
"3",30,"CSminus",1,0.329045093715195,32
"3",31,"CSplus",0,0.296140584343675,32
"3",32,"CSminus",0,0.388038666047325,32
"4",1,"CSminus",0,0.5,32
"4",2,"CSplus",0,0.55,32
"4",3,"CSplus",1,0.5,32
"4",4,"CSminus",0,0.45,32
"4",5,"CSplus",0,0.595,32
"4",6,"CSminus",0,0.405,32
"4",7,"CSminus",0,0.3645,32
"4",8,"CSplus",1,0.6355,32
"4",9,"CSplus",0,0.32805,32
"4",10,"CSminus",0,0.57195,32
"4",11,"CSplus",1,0.295245,32
"4",12,"CSminus",0,0.614755,32
"4",13,"CSplus",0,0.6532795,32
"4",14,"CSminus",0,0.2657205,32
"4",15,"CSplus",0,0.68795155,32
"4",16,"CSminus",0,0.23914845,32
"4",17,"CSminus",1,0.215233605,32
"4",18,"CSplus",0,0.619156395,32
"4",19,"CSminus",0,0.2937102445,32
"4",20,"CSplus",0,0.5572407555,32
"4",21,"CSplus",0,0.50151667995,32
"4",22,"CSminus",1,0.36433922005,32
"4",23,"CSplus",0,0.327905298045,32
"4",24,"CSminus",0,0.451365011955,32
"4",25,"CSplus",0,0.3951147682405,32
"4",26,"CSminus",0,0.4062285107595,32
"4",27,"CSplus",0,0.35560329141645,32
"4",28,"CSplus",0,0.36560565968355,32
"4",29,"CSminus",0,0.320042962274805,32
"4",30,"CSminus",1,0.329045093715195,32
"4",31,"CSplus",0,0.296140584343675,32
"4",32,"CSminus",0,0.388038666047325,32
"5",1,"CSminus",0,0.5,32
"5",2,"CSplus",0,0.55,32
"5",3,"CSplus",1,0.5,32
"5",4,"CSminus",0,0.45,32
"5",5,"CSplus",0,0.595,32
"5",6,"CSminus",0,0.405,32
"5",7,"CSminus",0,0.3645,32
"5",8,"CSplus",1,0.6355,32
"5",9,"CSplus",0,0.32805,32
"5",10,"CSminus",0,0.57195,32
"5",11,"CSplus",1,0.295245,32
"5",12,"CSminus",0,0.614755,32
"5",13,"CSplus",0,0.6532795,32
"5",14,"CSminus",0,0.2657205,32
"5",15,"CSplus",0,0.68795155,32
"5",16,"CSminus",0,0.23914845,32
"5",17,"CSminus",1,0.215233605,32
"5",18,"CSplus",0,0.619156395,32
"5",19,"CSminus",0,0.2937102445,32
"5",20,"CSplus",0,0.5572407555,32
"5",21,"CSplus",0,0.50151667995,32
"5",22,"CSminus",1,0.36433922005,32
"5",23,"CSplus",0,0.327905298045,32
"5",24,"CSminus",0,0.451365011955,32
"5",25,"CSplus",0,0.3951147682405,32
"5",26,"CSminus",0,0.4062285107595,32
"5",27,"CSplus",0,0.35560329141645,32
"5",28,"CSplus",0,0.36560565968355,32
"5",29,"CSminus",0,0.320042962274805,32
"5",30,"CSminus",1,0.329045093715195,32
"5",31,"CSplus",0,0.296140584343675,32
"5",32,"CSminus",0,0.388038666047325,32
"6",1,"CSminus",0,0.5,32
"6",2,"CSplus",0,0.55,32
"6",3,"CSplus",1,0.5,32
"6",4,"CSminus",0,0.45,32
"6",5,"CSplus",0,0.595,32
"6",6,"CSminus",0,0.405,32
"6",7,"CSminus",0,0.3645,32
"6",8,"CSplus",1,0.6355,32
"6",9,"CSplus",0,0.32805,32
"6",10,"CSminus",0,0.57195,32
"6",11,"CSplus",1,0.295245,32
"6",12,"CSminus",0,0.614755,32
"6",13,"CSplus",0,0.6532795,32
"6",14,"CSminus",0,0.2657205,32
"6",15,"CSplus",0,0.68795155,32
"6",16,"CSminus",0,0.23914845,32
"6",17,"CSminus",1,0.215233605,32
"6",18,"CSplus",0,0.619156395,32
"6",19,"CSminus",0,0.2937102445,32
"6",20,"CSplus",0,0.5572407555,32
"6",21,"CSplus",0,0.50151667995,32
"6",22,"CSminus",1,0.36433922005,32
"6",23,"CSplus",0,0.327905298045,32
"6",24,"CSminus",0,0.451365011955,32
"6",25,"CSplus",0,0.3951147682405,32
"6",26,"CSminus",0,0.4062285107595,32
"6",27,"CSplus",0,0.35560329141645,32
"6",28,"CSplus",0,0.36560565968355,32
"6",29,"CSminus",0,0.320042962274805,32
"6",30,"CSminus",1,0.329045093715195,32
"6",31,"CSplus",0,0.296140584343675,32
"6",32,"CSminus",0,0.388038666047325,32
"7",1,"CSminus",0,0.5,32
"7",2,"CSplus",0,0.55,32
"7",3,"CSplus",1,0.5,32
"7",4,"CSminus",0,0.45,32
"7",5,"CSplus",0,0.595,32
"7",6,"CSminus",0,0.405,32
"7",7,"CSminus",0,0.3645,32
"7",8,"CSplus",1,0.6355,32
"7",9,"CSplus",0,0.32805,32
"7",10,"CSminus",0,0.57195,32
"7",11,"CSplus",1,0.295245,32
"7",12,"CSminus",0,0.614755,32
"7",13,"CSplus",0,0.6532795,32
"7",14,"CSminus",0,0.2657205,32
"7",15,"CSplus",0,0.68795155,32
"7",16,"CSminus",0,0.23914845,32
"7",17,"CSminus",1,0.215233605,32
"7",18,"CSplus",0,0.619156395,32
"7",19,"CSminus",0,0.2937102445,32
"7",20,"CSplus",0,0.5572407555,32
"7",21,"CSplus",0,0.50151667995,32
"7",22,"CSminus",1,0.36433922005,32
"7",23,"CSplus",0,0.327905298045,32
"7",24,"CSminus",0,0.451365011955,32
"7",25,"CSplus",0,0.3951147682405,32
"7",26,"CSminus",0,0.4062285107595,32
"7",27,"CSplus",0,0.35560329141645,32
"7",28,"CSplus",0,0.36560565968355,32
"7",29,"CSminus",0,0.320042962274805,32
"7",30,"CSminus",1,0.329045093715195,32
"7",31,"CSplus",0,0.296140584343675,32
"7",32,"CSminus",0,0.388038666047325,32
"8",1,"CSminus",0,0.5,32
"8",2,"CSplus",0,0.55,32
"8",3,"CSplus",1,0.5,32
"8",4,"CSminus",0,0.45,32
"8",5,"CSplus",0,0.595,32
"8",6,"CSminus",0,0.405,32
"8",7,"CSminus",0,0.3645,32
"8",8,"CSplus",1,0.6355,32
"8",9,"CSplus",0,0.32805,32
"8",10,"CSminus",0,0.57195,32
"8",11,"CSplus",1,0.295245,32
"8",12,"CSminus",0,0.614755,32
"8",13,"CSplus",0,0.6532795,32
"8",14,"CSminus",0,0.2657205,32
"8",15,"CSplus",0,0.68795155,32
"8",16,"CSminus",0,0.23914845,32
"8",17,"CSminus",1,0.215233605,32
"8",18,"CSplus",0,0.619156395,32
"8",19,"CSminus",0,0.2937102445,32
"8",20,"CSplus",0,0.5572407555,32
"8",21,"CSplus",0,0.50151667995,32
"8",22,"CSminus",1,0.36433922005,32
"8",23,"CSplus",0,0.327905298045,32
"8",24,"CSminus",0,0.451365011955,32
"8",25,"CSplus",0,0.3951147682405,32
"8",26,"CSminus",0,0.4062285107595,32
"8",27,"CSplus",0,0.35560329141645,32
"8",28,"CSplus",0,0.36560565968355,32
"8",29,"CSminus",0,0.320042962274805,32
"8",30,"CSminus",1,0.329045093715195,32
"8",31,"CSplus",0,0.296140584343675,32
"8",32,"CSminus",0,0.388038666047325,32
"9",1,"CSminus",0,0.5,32
"9",2,"CSplus",0,0.55,32
"9",3,"CSplus",1,0.5,32
"9",4,"CSminus",0,0.45,32
"9",5,"CSplus",0,0.595,32
"9",6,"CSminus",0,0.405,32
"9",7,"CSminus",0,0.3645,32
"9",8,"CSplus",1,0.6355,32
"9",9,"CSplus",0,0.32805,32
"9",10,"CSminus",0,0.57195,32
"9",11,"CSplus",1,0.295245,32
"9",12,"CSminus",0,0.614755,32
"9",13,"CSplus",0,0.6532795,32
"9",14,"CSminus",0,0.2657205,32
"9",15,"CSplus",0,0.68795155,32
"9",16,"CSminus",0,0.23914845,32
"9",17,"CSminus",1,0.215233605,32
"9",18,"CSplus",0,0.619156395,32
"9",19,"CSminus",0,0.2937102445,32
"9",20,"CSplus",0,0.5572407555,32
"9",21,"CSplus",0,0.50151667995,32
"9",22,"CSminus",1,0.36433922005,32
"9",23,"CSplus",0,0.327905298045,32
"9",24,"CSminus",0,0.451365011955,32
"9",25,"CSplus",0,0.3951147682405,32
"9",26,"CSminus",0,0.4062285107595,32
"9",27,"CSplus",0,0.35560329141645,32
"9",28,"CSplus",0,0.36560565968355,32
"9",29,"CSminus",0,0.320042962274805,32
"9",30,"CSminus",1,0.329045093715195,32
"9",31,"CSplus",0,0.296140584343675,32
"9",32,"CSminus",0,0.388038666047325,32
"10",1,"CSminus",0,0.5,32
"10",2,"CSplus",0,0.55,32
"10",3,"CSplus",1,0.5,32
"10",4,"CSminus",0,0.45,32
"10",5,"CSplus",0,0.595,32
"10",6,"CSminus",0,0.405,32
"10",7,"CSminus",0,0.3645,32
"10",8,"CSplus",1,0.6355,32
"10",9,"CSplus",0,0.32805,32
"10",10,"CSminus",0,0.57195,32
"10",11,"CSplus",1,0.295245,32
"10",12,"CSminus",0,0.614755,32
"10",13,"CSplus",0,0.6532795,32
"10",14,"CSminus",0,0.2657205,32
"10",15,"CSplus",0,0.68795155,32
"10",16,"CSminus",0,0.23914845,32
"10",17,"CSminus",1,0.215233605,32
"10",18,"CSplus",0,0.619156395,32
"10",19,"CSminus",0,0.2937102445,32
"10",20,"CSplus",0,0.5572407555,32
"10",21,"CSplus",0,0.50151667995,32
"10",22,"CSminus",1,0.36433922005,32
"10",23,"CSplus",0,0.327905298045,32
"10",24,"CSminus",0,0.451365011955,32
"10",25,"CSplus",0,0.3951147682405,32
"10",26,"CSminus",0,0.4062285107595,32
"10",27,"CSplus",0,0.35560329141645,32
"10",28,"CSplus",0,0.36560565968355,32
"10",29,"CSminus",0,0.320042962274805,32
"10",30,"CSminus",1,0.329045093715195,32
"10",31,"CSplus",0,0.296140584343675,32
"10",32,"CSminus",0,0.388038666047325,32
"11",1,"CSminus",0,0.5,32
"11",2,"CSplus",0,0.55,32
"11",3,"CSplus",1,0.5,32
"11",4,"CSminus",0,0.45,32
"11",5,"CSplus",0,0.595,32
"11",6,"CSminus",0,0.405,32
"11",7,"CSminus",0,0.3645,32
"11",8,"CSplus",1,0.6355,32
"11",9,"CSplus",0,0.32805,32
"11",10,"CSminus",0,0.57195,32
"11",11,"CSplus",1,0.295245,32
"11",12,"CSminus",0,0.614755,32
"11",13,"CSplus",0,0.6532795,32
"11",14,"CSminus",0,0.2657205,32
"11",15,"CSplus",0,0.68795155,32
"11",16,"CSminus",0,0.23914845,32
"11",17,"CSminus",1,0.215233605,32
"11",18,"CSplus",0,0.619156395,32
"11",19,"CSminus",0,0.2937102445,32
"11",20,"CSplus",0,0.5572407555,32
"11",21,"CSplus",0,0.50151667995,32
"11",22,"CSminus",1,0.36433922005,32
"11",23,"CSplus",0,0.327905298045,32
"11",24,"CSminus",0,0.451365011955,32
"11",25,"CSplus",0,0.3951147682405,32
"11",26,"CSminus",0,0.4062285107595,32
"11",27,"CSplus",0,0.35560329141645,32
"11",28,"CSplus",0,0.36560565968355,32
"11",29,"CSminus",0,0.320042962274805,32
"11",30,"CSminus",1,0.329045093715195,32
"11",31,"CSplus",0,0.296140584343675,32
"11",32,"CSminus",0,0.388038666047325,32
"12",1,"CSminus",0,0.5,32
"12",2,"CSplus",0,0.55,32
"12",3,"CSplus",1,0.5,32
"12",4,"CSminus",0,0.45,32
"12",5,"CSplus",0,0.595,32
"12",6,"CSminus",0,0.405,32
"12",7,"CSminus",0,0.3645,32
"12",8,"CSplus",1,0.6355,32
"12",9,"CSplus",0,0.32805,32
"12",10,"CSminus",0,0.57195,32
"12",11,"CSplus",1,0.295245,32
"12",12,"CSminus",0,0.614755,32
"12",13,"CSplus",0,0.6532795,32
"12",14,"CSminus",0,0.2657205,32
"12",15,"CSplus",0,0.68795155,32
"12",16,"CSminus",0,0.23914845,32
"12",17,"CSminus",1,0.215233605,32
"12",18,"CSplus",0,0.619156395,32
"12",19,"CSminus",0,0.2937102445,32
"12",20,"CSplus",0,0.5572407555,32
"12",21,"CSplus",0,0.50151667995,32
"12",22,"CSminus",1,0.36433922005,32
"12",23,"CSplus",0,0.327905298045,32
"12",24,"CSminus",0,0.451365011955,32
"12",25,"CSplus",0,0.3951147682405,32
"12",26,"CSminus",0,0.4062285107595,32
"12",27,"CSplus",0,0.35560329141645,32
"12",28,"CSplus",0,0.36560565968355,32
"12",29,"CSminus",0,0.320042962274805,32
"12",30,"CSminus",1,0.329045093715195,32
"12",31,"CSplus",0,0.296140584343675,32
"12",32,"CSminus",0,0.388038666047325,32
"13",1,"CSminus",0,0.5,32
"13",2,"CSplus",0,0.55,32
"13",3,"CSplus",1,0.5,32
"13",4,"CSminus",0,0.45,32
"13",5,"CSplus",0,0.595,32
"13",6,"CSminus",0,0.405,32
"13",7,"CSminus",0,0.3645,32
"13",8,"CSplus",1,0.6355,32
"13",9,"CSplus",0,0.32805,32
"13",10,"CSminus",0,0.57195,32
"13",11,"CSplus",1,0.295245,32
"13",12,"CSminus",0,0.614755,32
"13",13,"CSplus",0,0.6532795,32
"13",14,"CSminus",0,0.2657205,32
"13",15,"CSplus",0,0.68795155,32
"13",16,"CSminus",0,0.23914845,32
"13",17,"CSminus",1,0.215233605,32
"13",18,"CSplus",0,0.619156395,32
"13",19,"CSminus",0,0.2937102445,32
"13",20,"CSplus",0,0.5572407555,32
"13",21,"CSplus",0,0.50151667995,32
"13",22,"CSminus",1,0.36433922005,32
"13",23,"CSplus",0,0.327905298045,32
"13",24,"CSminus",0,0.451365011955,32
"13",25,"CSplus",0,0.3951147682405,32
"13",26,"CSminus",0,0.4062285107595,32
"13",27,"CSplus",0,0.35560329141645,32
"13",28,"CSplus",0,0.36560565968355,32
"13",29,"CSminus",0,0.320042962274805,32
"13",30,"CSminus",1,0.329045093715195,32
"13",31,"CSplus",0,0.296140584343675,32
"13",32,"CSminus",0,0.388038666047325,32
"14",1,"CSminus",0,0.5,32
"14",2,"CSplus",0,0.55,32
"14",3,"CSplus",1,0.5,32
"14",4,"CSminus",0,0.45,32
"14",5,"CSplus",0,0.595,32
"14",6,"CSminus",0,0.405,32
"14",7,"CSminus",0,0.3645,32
"14",8,"CSplus",1,0.6355,32
"14",9,"CSplus",0,0.32805,32
"14",10,"CSminus",0,0.57195,32
"14",11,"CSplus",1,0.295245,32
"14",12,"CSminus",0,0.614755,32
"14",13,"CSplus",0,0.6532795,32
"14",14,"CSminus",0,0.2657205,32
"14",15,"CSplus",0,0.68795155,32
"14",16,"CSminus",0,0.23914845,32
"14",17,"CSminus",1,0.215233605,32
"14",18,"CSplus",0,0.619156395,32
"14",19,"CSminus",0,0.2937102445,32
"14",20,"CSplus",0,0.5572407555,32
"14",21,"CSplus",0,0.50151667995,32
"14",22,"CSminus",1,0.36433922005,32
"14",23,"CSplus",0,0.327905298045,32
"14",24,"CSminus",0,0.451365011955,32
"14",25,"CSplus",0,0.3951147682405,32
"14",26,"CSminus",0,0.4062285107595,32
"14",27,"CSplus",0,0.35560329141645,32
"14",28,"CSplus",0,0.36560565968355,32
"14",29,"CSminus",0,0.320042962274805,32
"14",30,"CSminus",1,0.329045093715195,32
"14",31,"CSplus",0,0.296140584343675,32
"14",32,"CSminus",0,0.388038666047325,32
"15",1,"CSminus",0,0.5,32
"15",2,"CSplus",0,0.55,32
"15",3,"CSplus",1,0.5,32
"15",4,"CSminus",0,0.45,32
"15",5,"CSplus",0,0.595,32
"15",6,"CSminus",0,0.405,32
"15",7,"CSminus",0,0.3645,32
"15",8,"CSplus",1,0.6355,32
"15",9,"CSplus",0,0.32805,32
"15",10,"CSminus",0,0.57195,32
"15",11,"CSplus",1,0.295245,32
"15",12,"CSminus",0,0.614755,32
"15",13,"CSplus",0,0.6532795,32
"15",14,"CSminus",0,0.2657205,32
"15",15,"CSplus",0,0.68795155,32
"15",16,"CSminus",0,0.23914845,32
"15",17,"CSminus",1,0.215233605,32
"15",18,"CSplus",0,0.619156395,32
"15",19,"CSminus",0,0.2937102445,32
"15",20,"CSplus",0,0.5572407555,32
"15",21,"CSplus",0,0.50151667995,32
"15",22,"CSminus",1,0.36433922005,32
"15",23,"CSplus",0,0.327905298045,32
"15",24,"CSminus",0,0.451365011955,32
"15",25,"CSplus",0,0.3951147682405,32
"15",26,"CSminus",0,0.4062285107595,32
"15",27,"CSplus",0,0.35560329141645,32
"15",28,"CSplus",0,0.36560565968355,32
"15",29,"CSminus",0,0.320042962274805,32
"15",30,"CSminus",1,0.329045093715195,32
"15",31,"CSplus",0,0.296140584343675,32
"15",32,"CSminus",0,0.388038666047325,32
"16",1,"CSminus",0,0.5,32
"16",2,"CSplus",0,0.55,32
"16",3,"CSplus",1,0.5,32
"16",4,"CSminus",0,0.45,32
"16",5,"CSplus",0,0.595,32
"16",6,"CSminus",0,0.405,32
"16",7,"CSminus",0,0.3645,32
"16",8,"CSplus",1,0.6355,32
"16",9,"CSplus",0,0.32805,32
"16",10,"CSminus",0,0.57195,32
"16",11,"CSplus",1,0.295245,32
"16",12,"CSminus",0,0.614755,32
"16",13,"CSplus",0,0.6532795,32
"16",14,"CSminus",0,0.2657205,32
"16",15,"CSplus",0,0.68795155,32
"16",16,"CSminus",0,0.23914845,32
"16",17,"CSminus",1,0.215233605,32
"16",18,"CSplus",0,0.619156395,32
"16",19,"CSminus",0,0.2937102445,32
"16",20,"CSplus",0,0.5572407555,32
"16",21,"CSplus",0,0.50151667995,32
"16",22,"CSminus",1,0.36433922005,32
"16",23,"CSplus",0,0.327905298045,32
"16",24,"CSminus",0,0.451365011955,32
"16",25,"CSplus",0,0.3951147682405,32
"16",26,"CSminus",0,0.4062285107595,32
"16",27,"CSplus",0,0.35560329141645,32
"16",28,"CSplus",0,0.36560565968355,32
"16",29,"CSminus",0,0.320042962274805,32
"16",30,"CSminus",1,0.329045093715195,32
"16",31,"CSplus",0,0.296140584343675,32
"16",32,"CSminus",0,0.388038666047325,32
"17",1,"CSminus",0,0.5,32
"17",2,"CSplus",0,0.55,32
"17",3,"CSplus",1,0.5,32
"17",4,"CSminus",0,0.45,32
"17",5,"CSplus",0,0.595,32
"17",6,"CSminus",0,0.405,32
"17",7,"CSminus",0,0.3645,32
"17",8,"CSplus",1,0.6355,32
"17",9,"CSplus",0,0.32805,32
"17",10,"CSminus",0,0.57195,32
"17",11,"CSplus",1,0.295245,32
"17",12,"CSminus",0,0.614755,32
"17",13,"CSplus",0,0.6532795,32
"17",14,"CSminus",0,0.2657205,32
"17",15,"CSplus",0,0.68795155,32
"17",16,"CSminus",0,0.23914845,32
"17",17,"CSminus",1,0.215233605,32
"17",18,"CSplus",0,0.619156395,32
"17",19,"CSminus",0,0.2937102445,32
"17",20,"CSplus",0,0.5572407555,32
"17",21,"CSplus",0,0.50151667995,32
"17",22,"CSminus",1,0.36433922005,32
"17",23,"CSplus",0,0.327905298045,32
"17",24,"CSminus",0,0.451365011955,32
"17",25,"CSplus",0,0.3951147682405,32
"17",26,"CSminus",0,0.4062285107595,32
"17",27,"CSplus",0,0.35560329141645,32
"17",28,"CSplus",0,0.36560565968355,32
"17",29,"CSminus",0,0.320042962274805,32
"17",30,"CSminus",1,0.329045093715195,32
"17",31,"CSplus",0,0.296140584343675,32
"17",32,"CSminus",0,0.388038666047325,32
"18",1,"CSminus",0,0.5,32
"18",2,"CSplus",0,0.55,32
"18",3,"CSplus",1,0.5,32
"18",4,"CSminus",0,0.45,32
"18",5,"CSplus",0,0.595,32
"18",6,"CSminus",0,0.405,32
"18",7,"CSminus",0,0.3645,32
"18",8,"CSplus",1,0.6355,32
"18",9,"CSplus",0,0.32805,32
"18",10,"CSminus",0,0.57195,32
"18",11,"CSplus",1,0.295245,32
"18",12,"CSminus",0,0.614755,32
"18",13,"CSplus",0,0.6532795,32
"18",14,"CSminus",0,0.2657205,32
"18",15,"CSplus",0,0.68795155,32
"18",16,"CSminus",0,0.23914845,32
"18",17,"CSminus",1,0.215233605,32
"18",18,"CSplus",0,0.619156395,32
"18",19,"CSminus",0,0.2937102445,32
"18",20,"CSplus",0,0.5572407555,32
"18",21,"CSplus",0,0.50151667995,32
"18",22,"CSminus",1,0.36433922005,32
"18",23,"CSplus",0,0.327905298045,32
"18",24,"CSminus",0,0.451365011955,32
"18",25,"CSplus",0,0.3951147682405,32
"18",26,"CSminus",0,0.4062285107595,32
"18",27,"CSplus",0,0.35560329141645,32
"18",28,"CSplus",0,0.36560565968355,32
"18",29,"CSminus",0,0.320042962274805,32
"18",30,"CSminus",1,0.329045093715195,32
"18",31,"CSplus",0,0.296140584343675,32
"18",32,"CSminus",0,0.388038666047325,32
"19",1,"CSminus",0,0.5,32
"19",2,"CSplus",0,0.55,32
"19",3,"CSplus",1,0.5,32
"19",4,"CSminus",0,0.45,32
"19",5,"CSplus",0,0.595,32
"19",6,"CSminus",0,0.405,32
"19",7,"CSminus",0,0.3645,32
"19",8,"CSplus",1,0.6355,32
"19",9,"CSplus",0,0.32805,32
"19",10,"CSminus",0,0.57195,32
"19",11,"CSplus",1,0.295245,32
"19",12,"CSminus",0,0.614755,32
"19",13,"CSplus",0,0.6532795,32
"19",14,"CSminus",0,0.2657205,32
"19",15,"CSplus",0,0.68795155,32
"19",16,"CSminus",0,0.23914845,32
"19",17,"CSminus",1,0.215233605,32
"19",18,"CSplus",0,0.619156395,32
"19",19,"CSminus",0,0.2937102445,32
"19",20,"CSplus",0,0.5572407555,32
"19",21,"CSplus",0,0.50151667995,32
"19",22,"CSminus",1,0.36433922005,32
"19",23,"CSplus",0,0.327905298045,32
"19",24,"CSminus",0,0.451365011955,32
"19",25,"CSplus",0,0.3951147682405,32
"19",26,"CSminus",0,0.4062285107595,32
"19",27,"CSplus",0,0.35560329141645,32
"19",28,"CSplus",0,0.36560565968355,32
"19",29,"CSminus",0,0.320042962274805,32
"19",30,"CSminus",1,0.329045093715195,32
"19",31,"CSplus",0,0.296140584343675,32
"19",32,"CSminus",0,0.388038666047325,32
"20",1,"CSminus",0,0.5,32
"20",2,"CSplus",0,0.55,32
"20",3,"CSplus",1,0.5,32
"20",4,"CSminus",0,0.45,32
"20",5,"CSplus",0,0.595,32
"20",6,"CSminus",0,0.405,32
"20",7,"CSminus",0,0.3645,32
"20",8,"CSplus",1,0.6355,32
"20",9,"CSplus",0,0.32805,32
"20",10,"CSminus",0,0.57195,32
"20",11,"CSplus",1,0.295245,32
"20",12,"CSminus",0,0.614755,32
"20",13,"CSplus",0,0.6532795,32
"20",14,"CSminus",0,0.2657205,32
"20",15,"CSplus",0,0.68795155,32
"20",16,"CSminus",0,0.23914845,32
"20",17,"CSminus",1,0.215233605,32
"20",18,"CSplus",0,0.619156395,32
"20",19,"CSminus",0,0.2937102445,32
"20",20,"CSplus",0,0.5572407555,32
"20",21,"CSplus",0,0.50151667995,32
"20",22,"CSminus",1,0.36433922005,32
"20",23,"CSplus",0,0.327905298045,32
"20",24,"CSminus",0,0.451365011955,32
"20",25,"CSplus",0,0.3951147682405,32
"20",26,"CSminus",0,0.4062285107595,32
"20",27,"CSplus",0,0.35560329141645,32
"20",28,"CSplus",0,0.36560565968355,32
"20",29,"CSminus",0,0.320042962274805,32
"20",30,"CSminus",1,0.329045093715195,32
"20",31,"CSplus",0,0.296140584343675,32
"20",32,"CSminus",0,0.388038666047325,32
"21",1,"CSminus",0,0.5,32
"21",2,"CSplus",0,0.55,32
"21",3,"CSplus",1,0.5,32
"21",4,"CSminus",0,0.45,32
"21",5,"CSplus",0,0.595,32
"21",6,"CSminus",0,0.405,32
"21",7,"CSminus",0,0.3645,32
"21",8,"CSplus",1,0.6355,32
"21",9,"CSplus",0,0.32805,32
"21",10,"CSminus",0,0.57195,32
"21",11,"CSplus",1,0.295245,32
"21",12,"CSminus",0,0.614755,32
"21",13,"CSplus",0,0.6532795,32
"21",14,"CSminus",0,0.2657205,32
"21",15,"CSplus",0,0.68795155,32
"21",16,"CSminus",0,0.23914845,32
"21",17,"CSminus",1,0.215233605,32
"21",18,"CSplus",0,0.619156395,32
"21",19,"CSminus",0,0.2937102445,32
"21",20,"CSplus",0,0.5572407555,32
"21",21,"CSplus",0,0.50151667995,32
"21",22,"CSminus",1,0.36433922005,32
"21",23,"CSplus",0,0.327905298045,32
"21",24,"CSminus",0,0.451365011955,32
"21",25,"CSplus",0,0.3951147682405,32
"21",26,"CSminus",0,0.4062285107595,32
"21",27,"CSplus",0,0.35560329141645,32
"21",28,"CSplus",0,0.36560565968355,32
"21",29,"CSminus",0,0.320042962274805,32
"21",30,"CSminus",1,0.329045093715195,32
"21",31,"CSplus",0,0.296140584343675,32
"21",32,"CSminus",0,0.388038666047325,32
"22",1,"CSminus",0,0.5,32
"22",2,"CSplus",0,0.55,32
"22",3,"CSplus",1,0.5,32
"22",4,"CSminus",0,0.45,32
"22",5,"CSplus",0,0.595,32
"22",6,"CSminus",0,0.405,32
"22",7,"CSminus",0,0.3645,32
"22",8,"CSplus",1,0.6355,32
"22",9,"CSplus",0,0.32805,32
"22",10,"CSminus",0,0.57195,32
"22",11,"CSplus",1,0.295245,32
"22",12,"CSminus",0,0.614755,32
"22",13,"CSplus",0,0.6532795,32
"22",14,"CSminus",0,0.2657205,32
"22",15,"CSplus",0,0.68795155,32
"22",16,"CSminus",0,0.23914845,32
"22",17,"CSminus",1,0.215233605,32
"22",18,"CSplus",0,0.619156395,32
"22",19,"CSminus",0,0.2937102445,32
"22",20,"CSplus",0,0.5572407555,32
"22",21,"CSplus",0,0.50151667995,32
"22",22,"CSminus",1,0.36433922005,32
"22",23,"CSplus",0,0.327905298045,32
"22",24,"CSminus",0,0.451365011955,32
"22",25,"CSplus",0,0.3951147682405,32
"22",26,"CSminus",0,0.4062285107595,32
"22",27,"CSplus",0,0.35560329141645,32
"22",28,"CSplus",0,0.36560565968355,32
"22",29,"CSminus",0,0.320042962274805,32
"22",30,"CSminus",1,0.329045093715195,32
"22",31,"CSplus",0,0.296140584343675,32
"22",32,"CSminus",0,0.388038666047325,32
"23",1,"CSminus",0,0.5,32
"23",2,"CSplus",0,0.55,32
"23",3,"CSplus",1,0.5,32
"23",4,"CSminus",0,0.45,32
"23",5,"CSplus",0,0.595,32
"23",6,"CSminus",0,0.405,32
"23",7,"CSminus",0,0.3645,32
"23",8,"CSplus",1,0.6355,32
"23",9,"CSplus",0,0.32805,32
"23",10,"CSminus",0,0.57195,32
"23",11,"CSplus",1,0.295245,32
"23",12,"CSminus",0,0.614755,32
"23",13,"CSplus",0,0.6532795,32
"23",14,"CSminus",0,0.2657205,32
"23",15,"CSplus",0,0.68795155,32
"23",16,"CSminus",0,0.23914845,32
"23",17,"CSminus",1,0.215233605,32
"23",18,"CSplus",0,0.619156395,32
"23",19,"CSminus",0,0.2937102445,32
"23",20,"CSplus",0,0.5572407555,32
"23",21,"CSplus",0,0.50151667995,32
"23",22,"CSminus",1,0.36433922005,32
"23",23,"CSplus",0,0.327905298045,32
"23",24,"CSminus",0,0.451365011955,32
"23",25,"CSplus",0,0.3951147682405,32
"23",26,"CSminus",0,0.4062285107595,32
"23",27,"CSplus",0,0.35560329141645,32
"23",28,"CSplus",0,0.36560565968355,32
"23",29,"CSminus",0,0.320042962274805,32
"23",30,"CSminus",1,0.329045093715195,32
"23",31,"CSplus",0,0.296140584343675,32
"23",32,"CSminus",0,0.388038666047325,32
"24",1,"CSminus",0,0.5,32
"24",2,"CSplus",0,0.55,32
"24",3,"CSplus",1,0.5,32
"24",4,"CSminus",0,0.45,32
"24",5,"CSplus",0,0.595,32
"24",6,"CSminus",0,0.405,32
"24",7,"CSminus",0,0.3645,32
"24",8,"CSplus",1,0.6355,32
"24",9,"CSplus",0,0.32805,32
"24",10,"CSminus",0,0.57195,32
"24",11,"CSplus",1,0.295245,32
"24",12,"CSminus",0,0.614755,32
"24",13,"CSplus",0,0.6532795,32
"24",14,"CSminus",0,0.2657205,32
"24",15,"CSplus",0,0.68795155,32
"24",16,"CSminus",0,0.23914845,32
"24",17,"CSminus",1,0.215233605,32
"24",18,"CSplus",0,0.619156395,32
"24",19,"CSminus",0,0.2937102445,32
"24",20,"CSplus",0,0.5572407555,32
"24",21,"CSplus",0,0.50151667995,32
"24",22,"CSminus",1,0.36433922005,32
"24",23,"CSplus",0,0.327905298045,32
"24",24,"CSminus",0,0.451365011955,32
"24",25,"CSplus",0,0.3951147682405,32
"24",26,"CSminus",0,0.4062285107595,32
"24",27,"CSplus",0,0.35560329141645,32
"24",28,"CSplus",0,0.36560565968355,32
"24",29,"CSminus",0,0.320042962274805,32
"24",30,"CSminus",1,0.329045093715195,32
"24",31,"CSplus",0,0.296140584343675,32
"24",32,"CSminus",0,0.388038666047325,32
"25",1,"CSminus",0,0.5,32
"25",2,"CSplus",0,0.55,32
"25",3,"CSplus",1,0.5,32
"25",4,"CSminus",0,0.45,32
"25",5,"CSplus",0,0.595,32
"25",6,"CSminus",0,0.405,32
"25",7,"CSminus",0,0.3645,32
"25",8,"CSplus",1,0.6355,32
"25",9,"CSplus",0,0.32805,32
"25",10,"CSminus",0,0.57195,32
"25",11,"CSplus",1,0.295245,32
"25",12,"CSminus",0,0.614755,32
"25",13,"CSplus",0,0.6532795,32
"25",14,"CSminus",0,0.2657205,32
"25",15,"CSplus",0,0.68795155,32
"25",16,"CSminus",0,0.23914845,32
"25",17,"CSminus",1,0.215233605,32
"25",18,"CSplus",0,0.619156395,32
"25",19,"CSminus",0,0.2937102445,32
"25",20,"CSplus",0,0.5572407555,32
"25",21,"CSplus",0,0.50151667995,32
"25",22,"CSminus",1,0.36433922005,32
"25",23,"CSplus",0,0.327905298045,32
"25",24,"CSminus",0,0.451365011955,32
"25",25,"CSplus",0,0.3951147682405,32
"25",26,"CSminus",0,0.4062285107595,32
"25",27,"CSplus",0,0.35560329141645,32
"25",28,"CSplus",0,0.36560565968355,32
"25",29,"CSminus",0,0.320042962274805,32
"25",30,"CSminus",1,0.329045093715195,32
"25",31,"CSplus",0,0.296140584343675,32
"25",32,"CSminus",0,0.388038666047325,32
"26",1,"CSminus",0,0.5,32
"26",2,"CSplus",0,0.55,32
"26",3,"CSplus",1,0.5,32
"26",4,"CSminus",0,0.45,32
"26",5,"CSplus",0,0.595,32
"26",6,"CSminus",0,0.405,32
"26",7,"CSminus",0,0.3645,32
"26",8,"CSplus",1,0.6355,32
"26",9,"CSplus",0,0.32805,32
"26",10,"CSminus",0,0.57195,32
"26",11,"CSplus",1,0.295245,32
"26",12,"CSminus",0,0.614755,32
"26",13,"CSplus",0,0.6532795,32
"26",14,"CSminus",0,0.2657205,32
"26",15,"CSplus",0,0.68795155,32
"26",16,"CSminus",0,0.23914845,32
"26",17,"CSminus",1,0.215233605,32
"26",18,"CSplus",0,0.619156395,32
"26",19,"CSminus",0,0.2937102445,32
"26",20,"CSplus",0,0.5572407555,32
"26",21,"CSplus",0,0.50151667995,32
"26",22,"CSminus",1,0.36433922005,32
"26",23,"CSplus",0,0.327905298045,32
"26",24,"CSminus",0,0.451365011955,32
"26",25,"CSplus",0,0.3951147682405,32
"26",26,"CSminus",0,0.4062285107595,32
"26",27,"CSplus",0,0.35560329141645,32
"26",28,"CSplus",0,0.36560565968355,32
"26",29,"CSminus",0,0.320042962274805,32
"26",30,"CSminus",1,0.329045093715195,32
"26",31,"CSplus",0,0.296140584343675,32
"26",32,"CSminus",0,0.388038666047325,32
"27",1,"CSminus",0,0.5,32
"27",2,"CSplus",0,0.55,32
"27",3,"CSplus",1,0.5,32
"27",4,"CSminus",0,0.45,32
"27",5,"CSplus",0,0.595,32
"27",6,"CSminus",0,0.405,32
"27",7,"CSminus",0,0.3645,32
"27",8,"CSplus",1,0.6355,32
"27",9,"CSplus",0,0.32805,32
"27",10,"CSminus",0,0.57195,32
"27",11,"CSplus",1,0.295245,32
"27",12,"CSminus",0,0.614755,32
"27",13,"CSplus",0,0.6532795,32
"27",14,"CSminus",0,0.2657205,32
"27",15,"CSplus",0,0.68795155,32
"27",16,"CSminus",0,0.23914845,32
"27",17,"CSminus",1,0.215233605,32
"27",18,"CSplus",0,0.619156395,32
"27",19,"CSminus",0,0.2937102445,32
"27",20,"CSplus",0,0.5572407555,32
"27",21,"CSplus",0,0.50151667995,32
"27",22,"CSminus",1,0.36433922005,32
"27",23,"CSplus",0,0.327905298045,32
"27",24,"CSminus",0,0.451365011955,32
"27",25,"CSplus",0,0.3951147682405,32
"27",26,"CSminus",0,0.4062285107595,32
"27",27,"CSplus",0,0.35560329141645,32
"27",28,"CSplus",0,0.36560565968355,32
"27",29,"CSminus",0,0.320042962274805,32
"27",30,"CSminus",1,0.329045093715195,32
"27",31,"CSplus",0,0.296140584343675,32
"27",32,"CSminus",0,0.388038666047325,32
"28",1,"CSminus",0,0.5,32
"28",2,"CSplus",0,0.55,32
"28",3,"CSplus",1,0.5,32
"28",4,"CSminus",0,0.45,32
"28",5,"CSplus",0,0.595,32
"28",6,"CSminus",0,0.405,32
"28",7,"CSminus",0,0.3645,32
"28",8,"CSplus",1,0.6355,32
"28",9,"CSplus",0,0.32805,32
"28",10,"CSminus",0,0.57195,32
"28",11,"CSplus",1,0.295245,32
"28",12,"CSminus",0,0.614755,32
"28",13,"CSplus",0,0.6532795,32
"28",14,"CSminus",0,0.2657205,32
"28",15,"CSplus",0,0.68795155,32
"28",16,"CSminus",0,0.23914845,32
"28",17,"CSminus",1,0.215233605,32
"28",18,"CSplus",0,0.619156395,32
"28",19,"CSminus",0,0.2937102445,32
"28",20,"CSplus",0,0.5572407555,32
"28",21,"CSplus",0,0.50151667995,32
"28",22,"CSminus",1,0.36433922005,32
"28",23,"CSplus",0,0.327905298045,32
"28",24,"CSminus",0,0.451365011955,32
"28",25,"CSplus",0,0.3951147682405,32
"28",26,"CSminus",0,0.4062285107595,32
"28",27,"CSplus",0,0.35560329141645,32
"28",28,"CSplus",0,0.36560565968355,32
"28",29,"CSminus",0,0.320042962274805,32
"28",30,"CSminus",1,0.329045093715195,32
"28",31,"CSplus",0,0.296140584343675,32
"28",32,"CSminus",0,0.388038666047325,32
"29",1,"CSminus",0,0.5,32
"29",2,"CSplus",0,0.55,32
"29",3,"CSplus",1,0.5,32
"29",4,"CSminus",0,0.45,32
"29",5,"CSplus",0,0.595,32
"29",6,"CSminus",0,0.405,32
"29",7,"CSminus",0,0.3645,32
"29",8,"CSplus",1,0.6355,32
"29",9,"CSplus",0,0.32805,32
"29",10,"CSminus",0,0.57195,32
"29",11,"CSplus",1,0.295245,32
"29",12,"CSminus",0,0.614755,32
"29",13,"CSplus",0,0.6532795,32
"29",14,"CSminus",0,0.2657205,32
"29",15,"CSplus",0,0.68795155,32
"29",16,"CSminus",0,0.23914845,32
"29",17,"CSminus",1,0.215233605,32
"29",18,"CSplus",0,0.619156395,32
"29",19,"CSminus",0,0.2937102445,32
"29",20,"CSplus",0,0.5572407555,32
"29",21,"CSplus",0,0.50151667995,32
"29",22,"CSminus",1,0.36433922005,32
"29",23,"CSplus",0,0.327905298045,32
"29",24,"CSminus",0,0.451365011955,32
"29",25,"CSplus",0,0.3951147682405,32
"29",26,"CSminus",0,0.4062285107595,32
"29",27,"CSplus",0,0.35560329141645,32
"29",28,"CSplus",0,0.36560565968355,32
"29",29,"CSminus",0,0.320042962274805,32
"29",30,"CSminus",1,0.329045093715195,32
"29",31,"CSplus",0,0.296140584343675,32
"29",32,"CSminus",0,0.388038666047325,32
"30",1,"CSminus",0,0.5,32
"30",2,"CSplus",0,0.55,32
"30",3,"CSplus",1,0.5,32
"30",4,"CSminus",0,0.45,32
"30",5,"CSplus",0,0.595,32
"30",6,"CSminus",0,0.405,32
"30",7,"CSminus",0,0.3645,32
"30",8,"CSplus",1,0.6355,32
"30",9,"CSplus",0,0.32805,32
"30",10,"CSminus",0,0.57195,32
"30",11,"CSplus",1,0.295245,32
"30",12,"CSminus",0,0.614755,32
"30",13,"CSplus",0,0.6532795,32
"30",14,"CSminus",0,0.2657205,32
"30",15,"CSplus",0,0.68795155,32
"30",16,"CSminus",0,0.23914845,32
"30",17,"CSminus",1,0.215233605,32
"30",18,"CSplus",0,0.619156395,32
"30",19,"CSminus",0,0.2937102445,32
"30",20,"CSplus",0,0.5572407555,32
"30",21,"CSplus",0,0.50151667995,32
"30",22,"CSminus",1,0.36433922005,32
"30",23,"CSplus",0,0.327905298045,32
"30",24,"CSminus",0,0.451365011955,32
"30",25,"CSplus",0,0.3951147682405,32
"30",26,"CSminus",0,0.4062285107595,32
"30",27,"CSplus",0,0.35560329141645,32
"30",28,"CSplus",0,0.36560565968355,32
"30",29,"CSminus",0,0.320042962274805,32
"30",30,"CSminus",1,0.329045093715195,32
"30",31,"CSplus",0,0.296140584343675,32
"30",32,"CSminus",0,0.388038666047325,32
